{
  "faithfulness": 0.7489199999999998,
  "answer_relevancy": 0.50574,
  "context_precision": 0.7489199999999998,
  "context_recall": 0.7489199999999998
}