{
  "faithfulness": 0.2064600000000001,
  "answer_relevancy": 0.21204000000000003,
  "context_precision": 0.2064600000000001,
  "context_recall": 0.2064600000000001
}